date,price,unit,trend
2020-06-18,510.0,元/克,平
2020-06-19,510.0,元/克,平
2020-06-22,513.0,元/克,跌
2020-06-23,516.0,元/克,跌
2020-06-24,519.0,元/克,跌
2020-06-28,521.0,元/克,跌
2020-06-29,521.0,元/克,平
2020-06-30,523.0,元/克,跌
2020-07-01,525.0,元/克,跌
2020-07-02,520.0,元/克,涨
2020-07-03,522.0,元/克,跌
2020-07-06,523.0,元/克,跌
2020-07-07,523.0,元/克,平
2020-07-08,525.0,元/克,跌
2020-07-09,528.0,元/克,跌
2020-07-10,526.0,元/克,涨
2020-07-13,526.0,元/克,平
2020-07-14,526.0,元/克,平
2020-07-15,528.0,元/克,跌
2020-07-16,528.0,元/克,平
2020-07-17,525.0,元/克,涨
2020-07-20,527.0,元/克,跌
2020-07-21,527.0,元/克,平
2020-07-22,527.0,元/克,平
2020-07-23,545.0,元/克,跌
2020-07-24,548.0,元/克,跌
2020-07-27,558.0,元/克,跌
2020-07-28,570.0,元/克,跌
2020-07-29,570.0,元/克,平
2020-07-30,572.0,元/克,跌
2020-07-31,572.0,元/克,平
2020-08-03,573.0,元/克,跌
2020-08-04,573.0,元/克,平
2020-08-05,586.0,元/克,跌
2020-08-06,587.0,元/克,跌
2020-08-07,599.0,元/克,跌
2020-08-08,589.0,元/克,涨
2020-08-10,587.0,元/克,涨
2020-08-11,587.0,元/克,平
2020-08-12,555.0,元/克,涨
2020-08-13,556.0,元/克,跌
2020-08-14,568.0,元/克,跌
2020-08-15,562.0,元/克,涨
2020-08-17,565.0,元/克,跌
2020-08-18,572.0,元/克,跌
2020-08-19,578.0,元/克,跌
2020-08-20,556.0,元/克,涨
2020-08-21,562.0,元/克,跌
2020-08-22,562.0,元/克,平
2020-08-24,559.0,元/克,涨
2020-08-25,556.0,元/克,涨
2020-08-26,556.0,元/克,平
2020-08-27,560.0,元/克,跌
2020-08-28,555.0,元/克,涨
2020-08-29,560.0,元/克,跌
2020-08-31,565.0,元/克,跌
2020-09-01,562.0,元/克,涨
2020-09-02,563.0,元/克,跌
2020-09-03,555.0,元/克,涨
2020-09-04,552.0,元/克,涨
2020-09-06,552.0,元/克,平
2020-09-07,553.0,元/克,跌
2020-09-08,550.0,元/克,涨
2020-09-09,550.0,元/克,平
2020-09-10,555.0,元/克,跌
2020-09-11,555.0,元/克,平
2020-09-13,552.0,元/克,涨
2020-09-14,555.0,元/克,跌
2020-09-15,556.0,元/克,跌
2020-09-16,552.0,元/克,涨
2020-09-17,552.0,元/克,平
2020-09-18,550.0,元/克,涨
2020-09-19,555.0,元/克,跌
2020-09-21,553.0,元/克,涨
2020-09-22,545.0,元/克,涨
2020-09-23,538.0,元/克,涨
2020-09-24,529.0,元/克,涨
2020-09-25,535.0,元/克,跌
2020-09-26,530.0,元/克,涨
2020-09-28,530.0,元/克,平
2020-09-29,535.0,元/克,跌
2020-09-30,538.0,元/克,跌
2020-10-01,535.0,元/克,涨
2020-10-02,538.0,元/克,跌
2020-10-05,539.0,元/克,跌
2020-10-06,541.0,元/克,跌
2020-10-07,530.0,元/克,涨
2020-10-08,536.0,元/克,跌
2020-10-09,536.0,元/克,平
2020-10-10,542.0,元/克,跌
2020-10-12,542.0,元/克,平
2020-10-13,543.0,元/克,跌
2020-10-14,533.0,元/克,涨
2020-10-15,535.0,元/克,跌
2020-10-16,538.0,元/克,跌
2020-10-19,532.0,元/克,涨
2020-10-20,532.0,元/克,平
2020-10-21,533.0,元/克,跌
2020-10-22,533.0,元/克,平
2020-10-23,533.0,元/克,平
2020-10-26,529.0,元/克,涨
2020-10-27,535.0,元/克,跌
2020-10-28,533.0,元/克,涨
2020-10-29,528.0,元/克,涨
2020-10-30,525.0,元/克,涨
2020-11-02,527.0,元/克,跌
2020-11-03,530.0,元/克,跌
2020-11-04,533.0,元/克,跌
2020-11-05,529.0,元/克,涨
2020-11-06,536.0,元/克,跌
2020-11-09,541.0,元/克,跌
2020-11-10,518.0,元/克,涨
2020-11-11,526.0,元/克,跌
2020-11-12,518.0,元/克,涨
2020-11-13,518.0,元/克,平
2020-11-16,521.0,元/克,跌
2020-11-17,520.0,元/克,涨
2020-11-18,516.0,元/克,涨
2020-11-19,515.0,元/克,涨
2020-11-20,513.0,元/克,涨
2020-11-23,513.0,元/克,平
2020-11-24,508.0,元/克,涨
2020-11-25,500.0,元/克,涨
2020-11-26,500.0,元/克,平
2020-11-27,500.0,元/克,平
2020-11-30,495.0,元/克,涨
2020-12-01,490.0,元/克,涨
2020-12-02,498.0,元/克,跌
2020-12-03,502.0,元/克,跌
2020-12-04,503.0,元/克,跌
2020-12-07,500.0,元/克,涨
2020-12-08,508.0,元/克,跌
2020-12-09,510.0,元/克,跌
2020-12-10,503.0,元/克,涨
2020-12-11,503.0,元/克,平
2020-12-14,503.0,元/克,平
2020-12-15,502.0,元/克,涨
2020-12-16,508.0,元/克,跌
2020-12-17,508.0,元/克,平
2020-12-18,512.0,元/克,跌
2020-12-21,512.0,元/克,平
2020-12-22,513.0,元/克,跌
2020-12-23,509.0,元/克,涨
2020-12-24,515.0,元/克,跌
2020-12-25,515.0,元/克,平
2020-12-28,516.0,元/克,跌
2020-12-29,512.0,元/克,涨
2020-12-30,513.0,元/克,跌
2020-12-31,515.0,元/克,跌
2021-01-04,519.0,元/克,跌
2021-01-05,522.0,元/克,跌
2021-01-06,525.0,元/克,跌
2021-01-07,518.0,元/克,涨
2021-01-08,518.0,元/克,平
2021-01-11,506.0,元/克,涨
2021-01-12,502.0,元/克,涨
2021-01-13,503.0,元/克,跌
2021-01-14,499.0,元/克,涨
2021-01-15,499.0,元/克,平
2021-01-18,493.0,元/克,涨
2021-01-19,497.0,元/克,跌
2021-01-20,497.0,元/克,平
2021-01-21,503.0,元/克,跌
2021-01-22,503.0,元/克,平
2021-01-25,502.0,元/克,涨
2021-01-26,502.0,元/克,平
2021-01-27,499.0,元/克,涨
2021-01-28,499.0,元/克,平
2021-01-29,498.0,元/克,涨
2021-01-30,495.0,元/克,涨
2021-02-01,498.0,元/克,跌
2021-02-02,502.0,元/克,跌
2021-02-03,495.0,元/克,涨
2021-02-04,495.0,元/克,平
2021-02-05,485.0,元/克,涨
2021-02-07,488.0,元/克,跌
2021-02-08,489.0,元/克,跌
2021-02-09,492.0,元/克,跌
2021-02-10,495.0,元/克,跌
2021-02-11,496.0,元/克,跌
2021-02-12,492.0,元/克,涨
2021-02-13,492.0,元/克,平
2021-02-14,492.0,元/克,平
2021-02-15,490.0,元/克,涨
2021-02-16,489.0,元/克,涨
2021-02-17,485.0,元/克,涨
2021-02-18,479.0,元/克,涨
2021-02-19,481.0,元/克,跌
2021-02-20,481.0,元/克,平
2021-02-22,481.0,元/克,平
2021-02-23,488.0,元/克,跌
2021-02-24,488.0,元/克,平
2021-02-25,486.0,元/克,涨
2021-02-26,478.0,元/克,涨
2021-03-01,470.0,元/克,涨
2021-03-02,466.0,元/克,涨
2021-03-03,469.0,元/克,跌
2021-03-04,463.0,元/克,涨
2021-03-05,459.0,元/克,涨
2021-03-06,462.0,元/克,跌
2021-03-08,463.0,元/克,跌
2021-03-09,459.0,元/克,涨
2021-03-10,466.0,元/克,跌
2021-03-11,468.0,元/克,跌
2021-03-12,468.0,元/克,平
2021-03-13,469.0,元/克,跌
2021-03-15,469.0,元/克,平
2021-03-16,470.0,元/克,跌
2021-03-17,469.0,元/克,涨
2021-03-18,473.0,元/克,跌
2021-03-19,470.0,元/克,涨
2021-03-20,473.0,元/克,跌
2021-03-22,472.0,元/克,涨
2021-03-23,472.0,元/克,平
2021-03-24,470.0,元/克,涨
2021-03-25,472.0,元/克,跌
2021-03-26,472.0,元/克,平
2021-03-29,472.0,元/克,平
2021-03-30,469.0,元/克,涨
2021-03-31,462.0,元/克,涨
2021-04-01,468.0,元/克,跌
2021-04-02,473.0,元/克,跌
2021-04-06,475.0,元/克,跌
2021-04-07,476.0,元/克,跌
2021-04-08,476.0,元/克,平
2021-04-09,479.0,元/克,跌
2021-04-12,477.0,元/克,涨
2021-04-13,475.0,元/克,涨
2021-04-14,478.0,元/克,跌
2021-04-15,473.0,元/克,涨
2021-04-16,481.0,元/克,跌
2021-04-17,482.0,元/克,跌
2021-04-19,482.0,元/克,平
2021-04-20,482.0,元/克,平
2021-04-21,483.0,元/克,跌
2021-04-22,486.0,元/克,跌
2021-04-23,485.0,元/克,涨
2021-04-25,483.0,元/克,涨
2021-04-26,482.0,元/克,涨
2021-04-27,483.0,元/克,跌
2021-04-28,483.0,元/克,平
2021-04-29,483.0,元/克,平
2021-04-30,479.0,元/克,涨
2021-05-03,478.0,元/克,涨
2021-05-04,483.0,元/克,跌
2021-05-05,479.0,元/克,涨
2021-05-06,482.0,元/克,跌
2021-05-07,489.0,元/克,跌
2021-05-08,490.0,元/克,跌
2021-05-10,491.0,元/克,跌
2021-05-11,492.0,元/克,跌
2021-05-12,493.0,元/克,跌
2021-05-13,489.0,元/克,涨
2021-05-14,490.0,元/克,跌
2021-05-15,493.0,元/克,跌
2021-05-17,496.0,元/克,跌
2021-05-18,500.0,元/克,跌
2021-05-19,502.0,元/克,跌
2021-05-20,502.0,元/克,平
2021-05-21,503.0,元/克,跌
2021-05-22,505.0,元/克,跌
2021-05-24,505.0,元/克,平
2021-07-02,480.0,元/克,涨
2021-07-05,482.0,元/克,跌
2021-07-06,483.0,元/克,跌
2021-07-07,486.0,元/克,跌
2021-07-08,486.0,元/克,平
2021-07-09,488.0,元/克,跌
2021-07-12,488.0,元/克,平
2021-07-13,488.0,元/克,平
2021-07-14,488.0,元/克,平
2021-07-15,492.0,元/克,跌
2021-07-16,493.0,元/克,跌
2021-07-17,490.0,元/克,涨
2021-07-19,490.0,元/克,平
2021-07-20,492.0,元/克,跌
2021-07-21,490.0,元/克,涨
2021-07-22,488.0,元/克,涨
2021-07-23,489.0,元/克,跌
2021-07-26,488.0,元/克,涨
2021-07-27,486.0,元/克,涨
2021-07-28,488.0,元/克,跌
2021-07-29,490.0,元/克,跌
2021-07-30,493.0,元/克,跌
2021-08-02,488.0,元/克,涨
2021-08-03,488.0,元/克,平
2021-08-04,488.0,元/克,平
2021-08-05,489.0,元/克,跌
2021-08-06,487.0,元/克,涨
2021-08-07,478.0,元/克,涨
2021-08-09,465.0,元/克,涨
2021-08-10,470.0,元/克,跌
2021-08-11,468.0,元/克,涨
2021-08-12,475.0,元/克,跌
2021-08-13,476.0,元/克,跌
2021-08-16,482.0,元/克,跌
2021-08-17,485.0,元/克,跌
2021-08-18,485.0,元/克,平
2021-08-19,485.0,元/克,平
2021-08-20,483.0,元/克,涨
2021-08-23,482.0,元/克,涨
2021-08-24,488.0,元/克,跌
2021-08-25,488.0,元/克,平
2021-08-26,485.0,元/克,涨
2021-08-27,485.0,元/克,平
2021-08-30,492.0,元/克,跌
2021-08-31,490.0,元/克,涨
2021-09-01,490.0,元/克,平
2021-09-02,488.0,元/克,涨
2021-09-03,487.0,元/克,涨
2021-09-06,492.0,元/克,跌
2021-09-07,491.0,元/克,涨
2021-09-08,486.0,元/克,涨
2021-09-09,485.0,元/克,涨
2021-09-10,485.0,元/克,平
2021-09-13,480.0,元/克,涨
2021-09-14,482.0,元/克,跌
2021-09-15,485.0,元/克,跌
2021-09-16,482.0,元/克,涨
2021-09-17,473.0,元/克,涨
2021-09-18,475.0,元/克,跌
2021-09-22,480.0,元/克,跌
2021-09-23,478.0,元/克,涨
2021-09-24,470.0,元/克,涨
2021-09-26,473.0,元/克,跌
2021-09-27,473.0,元/克,平
2021-09-28,472.0,元/克,涨
2021-09-29,469.0,元/克,涨
2021-09-30,469.0,元/克,平
2021-10-01,471.0,元/克,跌
2021-10-02,475.0,元/克,跌
2021-10-03,475.0,元/克,平
2021-10-04,475.0,元/克,平
2021-10-05,475.0,元/克,平
2021-10-06,475.0,元/克,平
2021-10-07,475.0,元/克,平
2021-10-08,472.0,元/克,涨
2021-10-09,473.0,元/克,跌
2021-10-11,473.0,元/克,平
2021-10-12,471.0,元/克,涨
2021-10-13,473.0,元/克,跌
2021-10-14,480.0,元/克,跌
2021-10-15,483.0,元/克,跌
2021-10-18,475.0,元/克,涨
2021-10-19,473.0,元/克,涨
2021-10-20,471.0,元/克,涨
2021-10-21,475.0,元/克,跌
2021-10-22,476.0,元/克,跌
2021-10-23,478.0,元/克,跌
2021-10-25,478.0,元/克,平
2021-10-26,482.0,元/克,跌
2021-10-27,478.0,元/克,涨
2021-10-28,479.0,元/克,跌
2021-10-29,479.0,元/克,平
2021-10-30,478.0,元/克,涨
2021-11-01,476.0,元/克,涨
2021-11-02,478.0,元/克,跌
2021-11-03,476.0,元/克,涨
2021-11-04,473.0,元/克,涨
2021-11-05,478.0,元/克,跌
2021-11-06,486.0,元/克,跌
2021-11-08,486.0,元/克,平
2021-11-09,487.0,元/克,跌
2021-11-10,488.0,元/克,跌
2021-11-11,492.0,元/克,跌
2021-11-12,495.0,元/克,跌
2021-11-13,495.0,元/克,平
2021-11-15,495.0,元/克,平
2021-11-16,495.0,元/克,平
2021-11-17,493.0,元/克,涨
2021-11-18,495.0,元/克,跌
2021-11-19,495.0,元/克,平
2021-11-20,492.0,元/克,涨
2021-11-22,492.0,元/克,平
2021-11-23,482.0,元/克,涨
2021-11-24,478.0,元/克,涨
2021-11-25,477.0,元/克,涨
2021-11-26,478.0,元/克,跌
2021-11-27,478.0,元/克,平
2021-11-29,478.0,元/克,平
2021-11-30,476.0,元/克,涨
2021-12-01,471.0,元/克,涨
2021-12-02,473.0,元/克,跌
2021-12-03,470.0,元/克,涨
2021-12-04,473.0,元/克,跌
2021-12-06,473.0,元/克,平
2021-12-07,473.0,元/克,平
2021-12-08,473.0,元/克,平
2021-12-09,472.0,元/克,涨
2021-12-10,472.0,元/克,平
2021-12-11,473.0,元/克,跌
2021-12-13,475.0,元/克,跌
2021-12-14,475.0,元/克,平
2021-12-15,471.0,元/克,涨
2021-12-16,473.0,元/克,跌
2021-12-17,478.0,元/克,跌
2021-12-18,478.0,元/克,平
2021-12-20,479.0,元/克,跌
2021-12-21,476.0,元/克,涨
2021-12-22,475.0,元/克,涨
2021-12-23,480.0,元/克,跌
2021-12-24,480.0,元/克,平
2021-12-25,482.0,元/克,跌
2021-12-27,480.0,元/克,涨
2021-12-28,482.0,元/克,跌
2021-12-29,480.0,元/克,涨
2021-12-30,479.0,元/克,涨
2021-12-31,483.0,元/克,跌
2022-01-01,486.0,元/克,跌
2022-01-02,486.0,元/克,平
2022-01-03,486.0,元/克,平
2022-01-04,479.0,元/克,涨
2022-01-05,483.0,元/克,跌
2022-01-06,482.0,元/克,涨
2022-01-07,478.0,元/克,涨
2022-01-08,478.0,元/克,平
2022-01-10,478.0,元/克,平
2022-01-11,479.0,元/克,跌
2022-01-12,486.0,元/克,跌
2022-01-13,485.0,元/克,涨
2022-01-14,485.0,元/克,平
2022-01-15,482.0,元/克,涨
2022-01-17,482.0,元/克,平
2022-01-18,482.0,元/克,平
2022-01-19,480.0,元/克,涨
2022-01-20,487.0,元/克,跌
2022-01-21,487.0,元/克,平
2022-01-22,486.0,元/克,涨
2022-01-24,486.0,元/克,平
2022-01-25,487.0,元/克,跌
2022-01-26,488.0,元/克,跌
2022-01-27,480.0,元/克,涨
2022-01-28,478.0,元/克,涨
2022-01-29,475.0,元/克,涨
2022-01-31,475.0,元/克,平
2022-02-01,476.0,元/克,跌
2022-02-03,479.0,元/克,跌
2022-02-05,479.0,元/克,平
2022-02-07,479.0,元/克,平
2022-02-08,483.0,元/克,跌
2022-02-09,486.0,元/克,跌
2022-02-10,487.0,元/克,跌
2022-02-11,486.0,元/克,涨
2022-02-12,492.0,元/克,跌
2022-02-14,492.0,元/克,平
2022-02-15,496.0,元/克,跌
2022-02-16,489.0,元/克,涨
2022-02-17,495.0,元/克,跌
2022-02-18,502.0,元/克,跌
2022-02-19,501.0,元/克,涨
2022-02-21,505.0,元/克,跌
2022-02-22,505.0,元/克,平
2022-02-23,501.0,元/克,涨
2022-02-24,505.0,元/克,跌
2022-02-25,505.0,元/克,平
2022-02-26,497.0,元/克,涨
2022-02-28,497.0,元/克,平
2022-03-01,502.0,元/克,跌
2022-03-02,511.0,元/克,跌
2022-03-03,511.0,元/克,平
2022-03-04,510.0,元/克,涨
2022-03-05,520.0,元/克,跌
2022-03-07,520.0,元/克,平
2022-03-08,525.0,元/克,跌
2022-03-09,527.0,元/克,跌
2022-03-10,525.0,元/克,涨
2022-03-11,525.0,元/克,平
2022-03-12,526.0,元/克,跌
2022-03-14,522.0,元/克,涨
2022-03-15,519.0,元/克,涨
2022-03-16,509.0,元/克,涨
2022-03-17,511.0,元/克,跌
2022-03-18,515.0,元/克,跌
2022-03-19,510.0,元/克,涨
2022-03-21,510.0,元/克,平
2022-03-22,510.0,元/克,平
2022-03-23,513.0,元/克,跌
2022-03-24,510.0,元/克,涨
2022-03-25,520.0,元/克,跌
2022-03-26,519.0,元/克,涨
2022-03-28,519.0,元/克,平
2022-03-29,511.0,元/克,涨
2022-03-30,511.0,元/克,平
2022-03-31,509.0,元/克,涨
2022-04-01,511.0,元/克,跌
2022-04-02,511.0,元/克,平
2022-04-04,511.0,元/克,平
2022-04-05,513.0,元/克,跌
2022-04-06,513.0,元/克,平
2022-04-07,510.0,元/克,涨
2022-04-08,510.0,元/克,平
2022-04-09,517.0,元/克,跌
2022-04-11,517.0,元/克,平
2022-04-12,517.0,元/克,平
2022-04-13,519.0,元/克,跌
2022-04-14,522.0,元/克,跌
2022-04-16,525.0,元/克,跌
2022-04-18,525.0,元/克,平
2022-04-19,525.0,元/克,平
2022-04-20,525.0,元/克,平
2022-04-21,519.0,元/克,涨
2022-04-22,523.0,元/克,跌
2022-04-23,523.0,元/克,平
2022-04-25,523.0,元/克,平
2022-04-26,519.0,元/克,涨
2022-04-27,522.0,元/克,跌
2022-04-28,515.0,元/克,涨
2022-04-29,525.0,元/克,跌
2022-04-30,523.0,元/克,涨
2022-05-01,523.0,元/克,平
2022-05-02,523.0,元/克,平
2022-05-03,519.0,元/克,涨
2022-05-04,518.0,元/克,涨
2022-05-05,522.0,元/克,跌
2022-05-06,522.0,元/克,平
2022-05-07,525.0,元/克,跌
2022-05-09,525.0,元/克,平
2022-05-10,525.0,元/克,平
2022-05-11,520.0,元/克,涨
2022-05-12,515.0,元/克,涨
2022-05-13,520.0,元/克,跌
2022-05-14,513.0,元/克,涨
2022-05-16,513.0,元/克,平
2022-05-17,513.0,元/克,平
2022-05-18,510.0,元/克,涨
2022-05-19,510.0,元/克,平
2022-05-20,515.0,元/克,跌
2022-05-21,515.0,元/克,平
2022-05-23,515.0,元/克,平
2022-05-24,515.0,元/克,平
2022-05-25,515.0,元/克,平
2022-05-26,518.0,元/克,跌
2022-05-27,517.0,元/克,涨
2022-05-28,518.0,元/克,跌
2022-05-30,517.0,元/克,涨
2022-05-31,517.0,元/克,平
2022-06-01,515.0,元/克,涨
2022-06-02,515.0,元/克,平
2022-06-06,515.0,元/克,平
2022-06-07,510.0,元/克,涨
2022-06-08,515.0,元/克,跌
2022-06-09,515.0,元/克,平
2022-06-10,517.0,元/克,跌
2022-06-11,523.0,元/克,跌
2022-06-13,523.0,元/克,平
2022-06-14,525.0,元/克,跌
2022-06-15,509.0,元/克,涨
2022-06-16,513.0,元/克,跌
2022-06-17,518.0,元/克,跌
2022-06-18,515.0,元/克,涨
2022-06-20,515.0,元/克,平
2022-06-21,513.0,元/克,涨
2022-06-22,511.0,元/克,涨
2022-06-23,515.0,元/克,跌
2022-06-24,510.0,元/克,涨
2022-06-25,510.0,元/克,平
2022-06-27,511.0,元/克,跌
2022-06-28,509.0,元/克,涨
2022-06-29,509.0,元/克,平
2022-06-30,508.0,元/克,涨
2022-07-01,505.0,元/克,涨
2022-07-02,506.0,元/克,跌
2022-07-04,506.0,元/克,平
2022-07-05,505.0,元/克,涨
2022-07-06,496.0,元/克,涨
2022-07-07,487.0,元/克,涨
2022-07-08,487.0,元/克,平
2022-07-09,487.0,元/克,平
2022-07-11,487.0,元/克,平
2022-07-12,486.0,元/克,涨
2022-07-13,486.0,元/克,平
2022-07-14,487.0,元/克,跌
2022-07-15,486.0,元/克,涨
2022-07-17,482.0,元/克,涨
2022-07-18,482.0,元/克,平
2022-07-19,480.0,元/克,涨
2022-07-20,482.0,元/克,跌
2022-07-21,478.0,元/克,涨
2022-07-22,486.0,元/克,跌
2022-07-24,487.0,元/克,跌
2022-07-25,486.0,元/克,涨
2022-07-26,485.0,元/克,涨
2022-07-27,485.0,元/克,平
2022-07-28,491.0,元/克,跌
2022-07-29,493.0,元/克,跌
2022-07-31,497.0,元/克,跌
2022-08-01,497.0,元/克,平
2022-08-02,500.0,元/克,跌
2022-08-03,495.0,元/克,涨
2022-08-04,497.0,元/克,跌
2022-08-05,497.0,元/克,平
2022-08-06,501.0,元/克,跌
2022-08-08,500.0,元/克,涨
2022-08-09,500.0,元/克,平
2022-08-10,505.0,元/克,跌
2022-08-11,506.0,元/克,跌
2022-08-12,502.0,元/克,涨
2022-08-13,508.0,元/克,跌
2022-08-15,506.0,元/克,涨
2022-08-16,506.0,元/克,平
2022-08-17,502.0,元/克,涨
2022-08-18,502.0,元/克,平
2022-08-19,498.0,元/克,涨
2022-08-20,497.0,元/克,涨
2022-08-22,496.0,元/克,涨
2022-08-23,496.0,元/克,平
2022-08-24,496.0,元/克,平
2022-08-25,497.0,元/克,跌
2022-08-26,502.0,元/克,跌
2022-08-27,498.0,元/克,涨
2022-08-29,497.0,元/克,涨
2022-08-30,501.0,元/克,跌
2022-08-31,497.0,元/克,涨
2022-09-01,492.0,元/克,涨
2022-09-02,492.0,元/克,平
2022-09-03,493.0,元/克,跌
2022-09-05,493.0,元/克,平
2022-09-06,496.0,元/克,跌
2022-09-07,495.0,元/克,涨
2022-09-08,498.0,元/克,跌
2022-09-09,496.0,元/克,涨
2022-09-10,496.0,元/克,平
2022-09-13,498.0,元/克,跌
2022-09-14,493.0,元/克,涨
2022-09-15,493.0,元/克,平
2022-09-16,488.0,元/克,涨
2022-09-17,489.0,元/克,跌
2022-09-19,489.0,元/克,平
2022-09-20,491.0,元/克,跌
2022-09-21,488.0,元/克,涨
2022-09-22,489.0,元/克,跌
2022-09-23,493.0,元/克,跌
2022-09-24,489.0,元/克,涨
2022-09-26,489.0,元/克,平
2022-09-27,486.0,元/克,涨
2022-09-28,488.0,元/克,跌
2022-09-29,497.0,元/克,跌
2022-09-30,495.0,元/克,涨
2022-10-01,495.0,元/克,平
2022-10-02,492.0,元/克,涨
2022-10-03,495.0,元/克,跌
2022-10-04,505.0,元/克,跌
2022-10-05,511.0,元/克,跌
2022-10-06,510.0,元/克,涨
2022-10-07,508.0,元/克,涨
2022-10-08,505.0,元/克,涨
2022-10-09,505.0,元/克,平
2022-10-10,505.0,元/克,平
2022-10-11,498.0,元/克,涨
2022-10-12,497.0,元/克,涨
2022-10-13,501.0,元/克,跌
2022-10-14,497.0,元/克,涨
2022-10-15,493.0,元/克,涨
2022-10-17,495.0,元/克,跌
2022-10-18,496.0,元/克,跌
2022-10-19,497.0,元/克,跌
2022-10-20,491.0,元/克,涨
2022-10-21,491.0,元/克,平
2022-10-22,501.0,元/克,跌
2022-10-24,505.0,元/克,跌
2022-10-25,501.0,元/克,涨
2022-10-26,501.0,元/克,平
2022-10-27,498.0,元/克,涨
2022-10-28,502.0,元/克,跌
2022-10-29,498.0,元/克,涨
2022-10-31,498.0,元/克,平
2022-11-01,498.0,元/克,平
2022-11-02,500.0,元/克,跌
2022-11-03,497.0,元/克,涨
2022-11-04,497.0,元/克,平
2022-11-05,505.0,元/克,跌
2022-11-07,502.0,元/克,涨
2022-11-08,505.0,元/克,跌
2022-11-09,518.0,元/克,跌
2022-11-10,515.0,元/克,涨
2022-11-11,526.0,元/克,跌
2022-11-12,526.0,元/克,平
2022-11-14,523.0,元/克,涨
2022-11-15,522.0,元/克,涨
2022-11-16,523.0,元/克,跌
2022-11-17,525.0,元/克,跌
2022-11-18,526.0,元/克,跌
2022-11-19,520.0,元/克,涨
2022-11-21,520.0,元/克,平
2022-11-22,519.0,元/克,涨
2022-11-23,518.0,元/克,涨
2022-11-24,523.0,元/克,跌
2022-11-25,523.0,元/克,平
2022-11-26,525.0,元/克,跌
2022-11-28,523.0,元/克,涨
2022-11-29,523.0,元/克,平
2022-11-30,522.0,元/克,涨
2022-12-01,525.0,元/克,跌
2022-12-02,530.0,元/克,跌
2022-12-05,527.0,元/克,涨
2022-12-06,515.0,元/克,涨
2022-12-07,517.0,元/克,跌
2022-12-08,519.0,元/克,跌
2022-12-09,520.0,元/克,跌
2022-12-10,522.0,元/克,跌
2022-12-12,520.0,元/克,涨
2022-12-13,518.0,元/克,涨
2022-12-14,525.0,元/克,跌
2022-12-15,525.0,元/克,平
2022-12-16,517.0,元/克,涨
2022-12-17,522.0,元/克,跌
2022-12-19,520.0,元/克,涨
2022-12-20,520.0,元/克,平
2022-12-21,528.0,元/克,跌
2022-12-22,528.0,元/克,平
2022-12-23,522.0,元/克,涨
2022-12-26,525.0,元/克,跌
2022-12-27,525.0,元/克,平
2022-12-28,526.0,元/克,跌
2022-12-29,526.0,元/克,平
2022-12-30,527.0,元/克,跌
2023-01-03,527.0,元/克,平
2023-01-04,530.0,元/克,跌
2023-01-05,532.0,元/克,跌
2023-01-06,527.0,元/克,涨
2023-01-07,532.0,元/克,跌
2023-01-08,532.0,元/克,平
2023-01-09,533.0,元/克,跌
2023-01-10,528.0,元/克,涨
2023-01-11,531.0,元/克,跌
2023-01-12,530.0,元/克,涨
2023-01-13,533.0,元/克,跌
2023-01-14,537.0,元/克,跌
2023-01-15,537.0,元/克,平
2023-01-16,536.0,元/克,涨
2023-01-17,539.0,元/克,跌
2023-01-18,540.0,元/克,跌
2023-01-19,536.0,元/克,涨
2023-01-20,546.0,元/克,跌
2023-01-21,545.0,元/克,涨
2023-01-22,545.0,元/克,平
2023-01-23,545.0,元/克,平
2023-01-24,546.0,元/克,跌
2023-01-25,549.0,元/克,跌
2023-01-26,552.0,元/克,跌
2023-01-27,546.0,元/克,涨
2023-01-28,545.0,元/克,涨
2023-01-29,545.0,元/克,平
2023-01-30,545.0,元/克,平
2023-01-31,541.0,元/克,涨
2023-02-01,543.0,元/克,跌
2023-02-02,549.0,元/克,跌
2023-02-03,537.0,元/克,涨
2023-02-04,527.0,元/克,涨
2023-02-05,527.0,元/克,平
2023-02-06,527.0,元/克,平
2023-02-07,530.0,元/克,跌
2023-02-08,530.0,元/克,平
2023-02-09,531.0,元/克,跌
2023-02-10,527.0,元/克,涨
2023-02-12,530.0,元/克,跌
2023-02-13,530.0,元/克,平
2023-02-14,527.0,元/克,涨
2023-02-15,528.0,元/克,跌
2023-02-16,526.0,元/克,涨
2023-02-17,526.0,元/克,平
2023-02-19,528.0,元/克,跌
2023-02-20,527.0,元/克,涨
2023-02-21,527.0,元/克,平
2023-02-22,526.0,元/克,涨
2023-02-23,525.0,元/克,涨
2023-02-24,526.0,元/克,跌
2023-02-27,526.0,元/克,平
2023-02-28,527.0,元/克,跌
2023-03-01,528.0,元/克,跌
2023-03-02,527.0,元/克,涨
2023-03-03,531.0,元/克,跌
2023-03-05,535.0,元/克,跌
2023-03-06,533.0,元/克,涨
2023-03-07,533.0,元/克,平
2023-03-08,527.0,元/克,涨
2023-03-09,542.0,元/克,跌
2023-03-10,542.0,元/克,平
2023-03-12,549.0,元/克,跌
2023-03-13,553.0,元/克,跌
2023-03-14,552.0,元/克,涨
2023-03-15,555.0,元/克,跌
2023-03-16,559.0,元/克,跌
2023-03-17,561.0,元/克,跌
2023-03-19,576.0,元/克,跌
2023-03-20,575.0,元/克,涨
2023-03-21,575.0,元/克,平
2023-03-22,566.0,元/克,涨
2023-03-23,571.0,元/克,跌
2023-03-24,575.0,元/克,跌
2023-03-26,571.0,元/克,涨
2023-03-27,572.0,元/克,跌
2023-03-28,570.0,元/克,涨
2023-03-29,571.0,元/克,跌
2023-03-30,570.0,元/克,涨
2023-03-31,571.0,元/克,跌
2023-04-02,570.0,元/克,涨
2023-04-03,568.0,元/克,涨
2023-04-04,571.0,元/克,跌
2023-04-05,581.0,元/克,跌
2023-04-06,580.0,元/克,涨
2023-04-07,579.0,元/克,涨
2023-04-09,580.0,元/克,跌
2023-04-10,578.0,元/克,涨
2023-04-11,575.0,元/克,涨
2023-04-12,579.0,元/克,跌
2023-04-13,581.0,元/克,跌
2023-04-14,587.0,元/克,跌
2023-04-16,579.0,元/克,涨
2023-04-17,578.0,元/克,涨
2023-04-18,576.0,元/克,涨
2023-04-19,580.0,元/克,跌
2023-04-20,578.0,元/克,涨
2023-04-21,579.0,元/克,跌
2023-04-23,575.0,元/克,涨
2023-04-24,575.0,元/克,平
2023-04-25,578.0,元/克,跌
2023-04-26,580.0,元/克,跌
2023-04-27,579.0,元/克,涨
2023-04-28,578.0,元/克,涨
2023-04-29,578.0,元/克,平
2023-04-30,578.0,元/克,平
2023-05-01,578.0,元/克,平
2023-05-02,578.0,元/克,平
2023-05-03,585.0,元/克,跌
2023-05-04,593.0,元/克,跌
2023-05-05,593.0,元/克,平
2023-05-06,588.0,元/克,涨
2023-05-07,588.0,元/克,平
2023-05-08,585.0,元/克,涨
2023-05-09,585.0,元/克,平
2023-05-10,589.0,元/克,跌
2023-05-11,590.0,元/克,跌
2023-05-12,588.0,元/克,涨
2023-05-15,588.0,元/克,平
2023-05-16,588.0,元/克,平
2023-05-17,585.0,元/克,涨
2023-05-18,583.0,元/克,涨
2023-05-19,580.0,元/克,涨
2023-05-21,581.0,元/克,跌
2023-05-22,585.0,元/克,跌
2023-05-23,583.0,元/克,涨
2023-05-24,585.0,元/克,跌
2023-05-25,581.0,元/克,涨
2023-05-26,579.0,元/克,涨
2023-05-28,579.0,元/克,平
2023-05-29,578.0,元/克,涨
2023-05-30,578.0,元/克,平
2023-05-31,583.0,元/克,跌
2023-06-01,587.0,元/克,跌
2023-06-02,588.0,元/克,跌
2023-06-04,581.0,元/克,涨
2023-06-05,581.0,元/克,平
2023-06-06,585.0,元/克,跌
2023-06-07,587.0,元/克,跌
2023-06-08,583.0,元/克,涨
2023-06-09,585.0,元/克,跌
2023-06-11,587.0,元/克,跌
2023-06-12,587.0,元/克,平
2023-06-13,587.0,元/克,平
2023-06-14,585.0,元/克,涨
2023-06-15,585.0,元/克,平
2023-06-16,585.0,元/克,平
2023-06-18,585.0,元/克,平
2023-06-19,585.0,元/克,平
2023-06-20,585.0,元/克,平
2023-06-21,585.0,元/克,平
2023-06-22,583.0,元/克,涨
2023-06-23,583.0,元/克,平
2023-06-25,581.0,元/克,涨
2023-06-26,583.0,元/克,跌
2023-06-27,585.0,元/克,跌
2023-06-28,581.0,元/克,涨
2023-06-29,581.0,元/克,平
2023-06-30,583.0,元/克,跌
2023-07-02,585.0,元/克,跌
2023-07-03,585.0,元/克,平
2023-07-04,585.0,元/克,平
2023-07-05,585.0,元/克,平
2023-07-06,585.0,元/克,平
2023-07-07,583.0,元/克,涨
2023-07-09,585.0,元/克,跌
2023-07-10,585.0,元/克,平
2023-07-11,587.0,元/克,跌
2023-07-12,587.0,元/克,平
2023-07-13,590.0,元/克,跌
2023-07-14,590.0,元/克,平
2023-07-16,589.0,元/克,涨
2023-07-17,589.0,元/克,平
2023-07-18,590.0,元/克,跌
2023-07-19,598.0,元/克,跌
2023-07-20,601.0,元/克,跌
2023-07-21,597.0,元/克,涨
2023-07-23,596.0,元/克,涨
2023-07-24,596.0,元/克,平
2023-07-25,595.0,元/克,涨
2023-07-26,595.0,元/克,平
2023-07-27,596.0,元/克,跌
2023-07-28,593.0,元/克,涨
2023-07-30,593.0,元/克,平
2023-07-31,593.0,元/克,平
2023-08-01,595.0,元/克,跌
2023-08-02,593.0,元/克,涨
2023-08-03,592.0,元/克,涨
2023-08-04,590.0,元/克,涨
2023-08-06,592.0,元/克,跌
2023-08-07,592.0,元/克,平
2023-08-08,592.0,元/克,平
2023-08-09,592.0,元/克,平
2023-08-10,590.0,元/克,涨
2023-08-11,590.0,元/克,平
2023-08-13,592.0,元/克,跌
2023-08-14,592.0,元/克,平
2023-08-15,592.0,元/克,平
2023-08-16,593.0,元/克,跌
2023-08-17,593.0,元/克,平
2023-08-18,593.0,元/克,平
2023-08-20,592.0,元/克,涨
2023-08-21,592.0,元/克,平
2023-08-22,595.0,元/克,跌
2023-08-23,595.0,元/克,平
2023-08-24,598.0,元/克,跌
2023-08-25,597.0,元/克,涨
2023-08-27,597.0,元/克,平
2023-08-28,597.0,元/克,平
2023-08-29,598.0,元/克,跌
2023-08-30,600.0,元/克,跌
2023-08-31,602.0,元/克,跌
2023-09-01,600.0,元/克,涨
2023-09-03,602.0,元/克,跌
2023-09-04,602.0,元/克,平
2023-09-05,602.0,元/克,平
2023-09-06,603.0,元/克,跌
2023-09-07,603.0,元/克,平
2023-09-08,605.0,元/克,跌
2023-09-10,599.0,元/克,涨
2023-09-11,607.0,元/克,跌
2023-09-12,607.0,元/克,平
2023-09-13,599.0,元/克,涨
2023-09-14,601.0,元/克,跌
2023-09-15,615.0,元/克,跌
2023-09-17,613.0,元/克,涨
2023-09-18,613.0,元/克,平
2023-09-19,611.0,元/克,涨
2023-09-20,615.0,元/克,跌
2023-09-21,615.0,元/克,平
2023-09-22,615.0,元/克,平
2023-09-24,612.0,元/克,涨
2023-09-25,612.0,元/克,平
2023-09-26,616.0,元/克,跌
2023-09-27,615.0,元/克,涨
2023-09-28,596.0,元/克,涨
2023-09-29,598.0,元/克,跌
2023-09-30,591.0,元/克,涨
2023-10-01,591.0,元/克,平
2023-10-02,591.0,元/克,平
2023-10-03,572.0,元/克,涨
2023-10-04,585.0,元/克,跌
2023-10-05,585.0,元/克,平
2023-10-06,585.0,元/克,平
2023-10-07,587.0,元/克,跌
2023-10-08,587.0,元/克,平
2023-10-09,590.0,元/克,跌
2023-10-10,590.0,元/克,平
2023-10-11,590.0,元/克,平
2023-10-12,587.0,元/克,涨
2023-10-13,588.0,元/克,跌
2023-10-14,602.0,元/克,跌
2023-10-15,602.0,元/克,平
2023-10-16,601.0,元/克,涨
2023-10-17,600.0,元/克,涨
2023-10-18,602.0,元/克,跌
2023-10-19,611.0,元/克,跌
2023-10-20,616.0,元/克,跌
2023-10-21,615.0,元/克,涨
2023-10-22,615.0,元/克,涨
2023-10-23,615.0,元/克,平
2023-10-24,614.0,元/克,涨
2023-10-25,614.0,元/克,平
2023-10-26,615.0,元/克,跌
2023-10-27,615.0,元/克,平
2023-10-28,622.0,元/克,跌
2023-10-30,623.0,元/克,跌
2023-10-31,620.0,元/克,涨
2023-11-01,618.0,元/克,涨
2023-11-02,619.0,元/克,跌
2023-11-03,619.0,元/克,平
2023-11-04,618.0,元/克,涨
2023-11-06,619.0,元/克,跌
2023-11-07,610.0,元/克,涨
2023-11-08,611.0,元/克,跌
2023-11-09,605.0,元/克,涨
2023-11-10,610.0,元/克,跌
2023-11-11,601.0,元/克,涨
2023-11-13,606.0,元/克,跌
2023-11-14,605.0,元/克,涨
2023-11-15,609.0,元/克,跌
2023-11-16,609.0,元/克,平
2023-11-17,614.0,元/克,跌
2023-11-18,610.0,元/克,涨
2023-11-19,610.0,元/克,平
2023-11-20,610.0,元/克,平
2023-11-21,609.0,元/克,涨
2023-11-22,607.0,元/克,涨
2023-11-23,605.0,元/克,涨
2023-11-24,605.0,元/克,平
2023-11-25,605.0,元/克,平
2023-11-26,605.0,元/克,平
2023-11-27,606.0,元/克,跌
2023-11-28,611.0,元/克,跌
2023-11-29,618.0,元/克,跌
2023-11-30,616.0,元/克,涨
2023-12-01,616.0,元/克,平
2023-12-02,623.0,元/克,跌
2023-12-04,631.0,元/克,跌
2023-12-05,615.0,元/克,涨
2023-12-06,614.0,元/克,涨
2023-12-07,615.0,元/克,跌
2023-12-08,615.0,元/克,平
2023-12-09,610.0,元/克,涨
2023-12-11,610.0,元/克,平
2023-12-12,607.0,元/克,涨
2023-12-13,607.0,元/克,平
2023-12-14,616.0,元/克,跌
2023-12-15,615.0,元/克,涨
2023-12-16,611.0,元/克,涨
2023-12-18,613.0,元/克,跌
2023-12-19,615.0,元/克,跌
2023-12-20,618.0,元/克,跌
2023-12-21,616.0,元/克,涨
2023-12-22,620.0,元/克,跌
2023-12-23,622.0,元/克,跌
2023-12-25,622.0,元/克,平
2023-12-26,623.0,元/克,跌
2023-12-27,624.0,元/克,跌
2023-12-28,628.0,元/克,跌
2023-12-29,624.0,元/克,涨
2023-12-30,623.0,元/克,涨
2024-01-01,623.0,元/克,平
2024-01-02,624.0,元/克,跌
2024-01-03,625.0,元/克,跌
2024-01-04,624.0,元/克,涨
2024-01-05,625.0,元/克,跌
2024-01-06,623.0,元/克,涨
2024-01-08,624.0,元/克,跌
2024-01-09,624.0,元/克,平
2024-01-10,624.0,元/克,平
2024-01-11,624.0,元/克,平
2024-01-12,623.0,元/克,涨
2024-01-13,627.0,元/克,跌
2024-01-15,627.0,元/克,平
2024-01-16,628.0,元/克,跌
2024-01-17,625.0,元/克,涨
2024-01-18,622.0,元/克,涨
2024-01-19,624.0,元/克,跌
2024-01-21,624.0,元/克,平
2024-01-22,624.0,元/克,平
2024-01-23,622.0,元/克,涨
2024-01-24,622.0,元/克,平
2024-01-25,620.0,元/克,涨
2024-01-26,622.0,元/克,跌
2024-01-28,620.0,元/克,涨
2024-01-29,622.0,元/克,跌
2024-01-30,624.0,元/克,跌
2024-01-31,625.0,元/克,跌
2024-02-01,625.0,元/克,平
2024-02-02,627.0,元/克,跌
2024-02-04,625.0,元/克,涨
2024-02-05,625.0,元/克,平
2024-02-06,624.0,元/克,涨
2024-02-07,625.0,元/克,跌
2024-02-08,625.0,元/克,平
2024-02-09,625.0,元/克,平
2024-02-10,623.0,元/克,涨
2024-02-11,623.0,元/克,平
2024-02-12,624.0,元/克,跌
2024-02-13,623.0,元/克,涨
2024-02-14,621.0,元/克,涨
2024-02-15,619.0,元/克,涨
2024-02-17,623.0,元/克,跌
2024-02-18,623.0,元/克,平
2024-02-19,623.0,元/克,平
2024-02-20,623.0,元/克,平
2024-02-21,625.0,元/克,跌
2024-02-22,624.0,元/克,涨
2024-02-23,624.0,元/克,平
2024-02-24,625.0,元/克,跌
2024-02-26,625.0,元/克,平
2024-02-27,627.0,元/克,跌
2024-02-28,627.0,元/克,平
2024-02-29,627.0,元/克,平
2024-03-01,628.0,元/克,跌
2024-03-02,638.0,元/克,跌
2024-03-04,637.0,元/克,涨
2024-03-05,646.0,元/克,跌
2024-03-06,648.0,元/克,跌
2024-03-07,651.0,元/克,跌
2024-03-08,655.0,元/克,跌
2024-03-09,662.0,元/克,跌
2024-03-11,662.0,元/克,平
2024-03-12,660.0,元/克,涨
2024-03-13,657.0,元/克,涨
2024-03-14,660.0,元/克,跌
2024-03-15,659.0,元/克,涨
2024-03-16,659.0,元/克,平
2024-03-18,658.0,元/克,涨
2024-03-19,658.0,元/克,平
2024-03-20,658.0,元/克,平
2024-03-21,667.0,元/克,跌
2024-03-22,664.0,元/克,涨
2024-03-23,668.0,元/克,跌
2024-03-25,667.0,元/克,涨
2024-03-26,668.0,元/克,跌
2024-03-27,671.0,元/克,跌
2024-03-28,672.0,元/克,跌
2024-03-29,682.0,元/克,跌
2024-03-31,686.0,元/克,跌
2024-04-01,690.0,元/克,跌
2024-04-02,692.0,元/克,跌
2024-04-03,702.0,元/克,跌
2024-04-07,717.0,元/克,跌
2024-04-08,706.0,元/克,涨
2024-04-09,723.0,元/克,跌
2024-04-10,723.0,元/克,平
2024-04-11,719.0,元/克,涨
2024-04-12,734.0,元/克,跌
2024-04-14,725.0,元/克,涨
2024-04-15,730.0,元/克,跌
2024-04-16,734.0,元/克,跌
2024-04-17,736.0,元/克,跌
2024-04-18,729.0,元/克,涨
2024-04-19,730.0,元/克,跌
2024-04-21,736.0,元/克,跌
2024-04-22,732.0,元/克,涨
2024-04-23,717.0,元/克,涨
2024-04-24,711.0,元/克,涨
2024-04-25,711.0,元/克,平
2024-04-26,711.0,元/克,平
2024-04-28,716.0,元/克,跌
2024-04-29,714.0,元/克,涨
2024-04-30,718.0,元/克,跌
2024-05-01,699.0,元/克,涨
2024-05-02,710.0,元/克,跌
2024-05-03,705.0,元/克,涨
2024-05-04,698.0,元/克,涨
2024-05-05,698.0,元/克,平
2024-05-06,701.0,元/克,跌
2024-05-07,710.0,元/克,跌
2024-05-08,707.0,元/克,涨
2024-05-09,706.0,元/克,涨
2024-05-10,714.0,元/克,跌
2024-05-11,720.0,元/克,跌
2024-05-13,720.0,元/克,平
2024-05-14,716.0,元/克,涨
2024-05-15,721.0,元/克,跌
2024-05-16,729.0,元/克,跌
2024-05-17,727.0,元/克,涨
2024-05-20,746.0,元/克,跌
2024-05-21,746.0,元/克,平
2024-05-22,740.0,元/克,涨
2024-05-23,727.0,元/克,涨
2024-05-24,712.0,元/克,涨
2024-05-26,715.0,元/克,跌
2024-05-27,715.0,元/克,平
2024-05-28,721.0,元/克,跌
2024-05-29,721.0,元/克,平
2024-05-30,717.0,元/克,涨
2024-05-31,717.0,元/克,平
2024-06-02,712.0,元/克,涨
2024-06-03,714.0,元/克,跌
2024-06-04,719.0,元/克,跌
2024-06-05,714.0,元/克,涨
2024-06-06,723.0,元/克,跌
2024-06-07,729.0,元/克,跌
2024-06-11,708.0,元/克,涨
2024-06-12,707.0,元/克,涨
2024-06-13,710.0,元/克,跌
2024-06-14,706.0,元/克,涨
2024-06-17,712.0,元/克,跌
2024-06-18,712.0,元/克,平
2024-06-19,714.0,元/克,跌
2024-06-20,714.0,元/克,平
2024-06-21,724.0,元/克,跌
2024-06-23,712.0,元/克,涨
2024-06-24,712.0,元/克,平
2024-06-25,714.0,元/克,跌
2024-06-26,710.0,元/克,涨
2024-06-27,705.0,元/克,涨
2024-06-28,711.0,元/克,跌
2024-07-01,712.0,元/克,跌
2024-07-02,714.0,元/克,跌
2024-07-03,714.0,元/克,平
2024-07-04,723.0,元/克,跌
2024-07-05,723.0,元/克,平
2024-07-08,729.0,元/克,跌
2024-07-09,723.0,元/克,涨
2024-07-10,723.0,元/克,平
2024-07-11,727.0,元/克,跌
2024-07-12,734.0,元/克,跌
2024-07-15,736.0,元/克,跌
2024-07-16,736.0,元/克,平
2024-07-17,751.0,元/克,跌
2024-07-18,745.0,元/克,涨
2024-07-19,738.0,元/克,涨
2024-07-22,728.0,元/克,涨
2024-07-23,729.0,元/克,跌
2024-07-24,730.0,元/克,跌
2024-07-25,728.0,元/克,涨
2024-07-26,715.0,元/克,涨
2024-07-29,728.0,元/克,跌
2024-07-30,723.0,元/克,涨
2024-07-31,728.0,元/克,跌
2024-08-01,737.0,元/克,跌
2024-08-02,738.0,元/克,跌
2024-08-05,724.0,元/克,涨
2024-08-06,721.0,元/克,涨
2024-08-07,717.0,元/克,涨
2024-08-08,717.0,元/克,平
2024-08-09,727.0,元/克,跌
2024-08-10,728.0,元/克,跌
2024-08-12,728.0,元/克,平
2024-08-13,740.0,元/克,跌
2024-08-14,736.0,元/克,涨
2024-08-15,730.0,元/克,涨
2024-08-16,736.0,元/克,跌
2024-08-18,746.0,元/克,跌
2024-08-19,743.0,元/克,涨
2024-08-20,742.0,元/克,涨
2024-08-21,743.0,元/克,跌
2024-08-22,745.0,元/克,跌
2024-08-23,741.0,元/克,涨
2024-08-24,743.0,元/克,跌
2024-08-26,743.0,元/克,平
2024-08-27,745.0,元/克,跌
2024-08-28,747.0,元/克,跌
2024-08-29,746.0,元/克,涨
2024-08-30,745.0,元/克,涨
2024-08-31,741.0,元/克,涨
2024-09-02,741.0,元/克,平
2024-09-03,741.0,元/克,平
2024-09-04,740.0,元/克,涨
2024-09-05,740.0,元/克,平
2024-09-06,743.0,元/克,跌
2024-09-07,740.0,元/克,涨
2024-09-09,738.0,元/克,涨
2024-09-10,742.0,元/克,跌
2024-09-11,745.0,元/克,跌
2024-09-12,745.0,元/克,平
2024-09-13,755.0,元/克,跌
2024-09-14,759.0,元/克,跌
2024-09-17,759.0,元/克,平
2024-09-18,758.0,元/克,涨
2024-09-19,752.0,元/克,涨
2024-09-20,759.0,元/克,跌
2024-09-21,765.0,元/克,跌
2024-09-23,764.0,元/克,涨
2024-09-24,769.0,元/克,跌
2024-09-25,775.0,元/克,跌
2024-09-26,776.0,元/克,跌
2024-09-27,776.0,元/克,平
2024-09-28,772.0,元/克,涨
2024-09-29,772.0,元/克,平
2024-09-30,772.0,元/克,平
2024-10-01,767.0,元/克,涨
2024-10-02,773.0,元/克,跌
2024-10-03,776.0,元/克,跌
2024-10-04,777.0,元/克,跌
2024-10-05,773.0,元/克,涨
2024-10-06,773.0,元/克,平
2024-10-07,773.0,元/克,平
2024-10-08,773.0,元/克,平
2024-10-09,764.0,元/克,涨
2024-10-10,763.0,元/克,涨
2024-10-11,771.0,元/克,跌
2024-10-12,777.0,元/克,跌
2024-10-14,775.0,元/克,涨
2024-10-15,777.0,元/克,跌
2024-10-16,786.0,元/克,跌
2024-10-17,793.0,元/克,跌
2024-10-18,799.0,元/克,跌
2024-10-19,804.0,元/克,跌
2024-10-21,806.0,元/克,跌
2024-10-22,808.0,元/克,跌
2024-10-23,813.0,元/克,跌
2024-10-24,804.0,元/克,涨
2024-10-25,808.0,元/克,跌
2024-10-28,810.0,元/克,跌
2024-10-29,812.0,元/克,跌
2024-10-30,822.0,元/克,跌
2024-10-31,825.0,元/克,跌
2024-11-01,812.0,元/克,涨
2024-11-04,811.0,元/克,涨
2024-11-05,810.0,元/克,涨
2024-11-06,811.0,元/克,跌
2024-11-07,795.0,元/克,涨
2024-11-08,799.0,元/克,跌
2024-11-09,802.0,元/克,跌
2024-11-11,799.0,元/克,涨
2024-11-12,787.0,元/克,涨
2024-11-13,782.0,元/克,涨
2024-11-14,775.0,元/克,涨
2024-11-15,772.0,元/克,涨
2024-11-16,771.0,元/克,涨
2024-11-18,773.0,元/克,跌
2024-11-19,784.0,元/克,跌
2024-11-20,793.0,元/克,跌
2024-11-21,799.0,元/克,跌
2024-11-22,804.0,元/克,跌
2024-11-23,813.0,元/克,跌
2024-11-25,812.0,元/克,涨
2024-11-26,789.0,元/克,涨
2024-11-27,790.0,元/克,跌
2024-11-28,793.0,元/克,跌
2024-11-29,791.0,元/克,涨
2024-12-01,799.0,元/克,跌
2024-12-02,794.0,元/克,涨
2024-12-03,798.0,元/克,跌
2024-12-04,799.0,元/克,跌
2024-12-05,799.0,元/克,平
2024-12-06,795.0,元/克,涨
2024-12-08,798.0,元/克,跌
2024-12-09,797.0,元/克,涨
2024-12-10,806.0,元/克,跌
2024-12-11,813.0,元/克,跌
2024-12-12,817.0,元/克,跌
2024-12-13,811.0,元/克,涨
2024-12-15,802.0,元/克,涨
2024-12-16,799.0,元/克,涨
2024-12-17,803.0,元/克,跌
2024-12-18,802.0,元/克,涨
2024-12-19,790.0,元/克,涨
2024-12-20,790.0,元/克,平
2024-12-21,799.0,元/克,跌
2024-12-23,799.0,元/克,平
2024-12-24,799.0,元/克,平
2024-12-25,799.0,元/克,平
2024-12-26,802.0,元/克,跌
2024-12-27,803.0,元/克,跌
2024-12-28,799.0,元/克,涨
2024-12-30,799.0,元/克,平
2024-12-31,799.0,元/克,平
2025-01-02,804.0,元/克,跌
2025-01-03,813.0,元/克,跌
2025-01-05,812.0,元/克,涨
2025-01-06,812.0,元/克,平
2025-01-07,811.0,元/克,涨
2025-01-08,812.0,元/克,跌
2025-01-09,815.0,元/克,跌
2025-01-10,820.0,元/克,跌
2025-01-12,826.0,元/克,跌
2025-01-13,826.0,元/克,平
2025-01-14,821.0,元/克,涨
2025-01-15,821.0,元/克,平
2025-01-16,826.0,元/克,跌
2025-01-17,829.0,元/克,跌
2025-01-20,824.0,元/克,涨
2025-01-21,824.0,元/克,平
2025-01-22,833.0,元/克,跌
2025-01-23,835.0,元/克,跌
2025-01-24,837.0,元/克,跌
2025-01-26,836.0,元/克,涨
2025-01-27,836.0,元/克,平
2025-01-28,830.0,元/克,涨
2025-01-29,835.0,元/克,跌
2025-01-30,835.0,元/克,平
2025-01-31,843.0,元/克,跌
2025-02-01,846.0,元/克,跌
2025-02-02,846.0,元/克,平
2025-02-03,846.0,元/克,平
2025-02-04,853.0,元/克,跌
2025-02-05,864.0,元/克,跌
2025-02-06,870.0,元/克,跌
2025-02-07,867.0,元/克,涨
2025-02-08,870.0,元/克,跌
2025-02-10,872.0,元/克,跌
2025-02-11,886.0,元/克,跌
2025-02-12,885.0,元/克,涨
2025-02-13,887.0,元/克,跌
2025-02-14,890.0,元/克,跌
2025-02-16,877.0,元/克,涨
2025-02-17,876.0,元/克,涨
2025-02-18,881.0,元/克,跌
2025-02-19,890.0,元/克,跌
2025-02-20,892.0,元/克,跌
2025-02-21,891.0,元/克,涨
2025-02-22,889.0,元/克,涨
2025-02-24,887.0,元/克,涨
2025-02-25,892.0,元/克,跌
2025-02-26,885.0,元/克,涨
2025-02-27,885.0,元/克,平
2025-02-28,877.0,元/克,涨
2025-03-01,877.0,元/克,平
2025-03-03,872.0,元/克,涨
2025-03-04,879.0,元/克,跌
2025-03-05,882.0,元/克,跌
2025-03-06,882.0,元/克,平
2025-03-07,879.0,元/克,涨
2025-03-08,879.0,元/克,平
2025-03-10,882.0,元/克,跌
2025-03-11,878.0,元/克,涨
2025-03-12,881.0,元/克,跌
2025-03-13,889.0,元/克,跌
2025-03-14,903.0,元/克,跌
2025-03-15,902.0,元/克,涨
2025-03-17,902.0,元/克,平
2025-03-18,904.0,元/克,跌
2025-03-19,914.0,元/克,跌
2025-03-20,920.0,元/克,跌
2025-03-21,920.0,元/克,平
2025-03-22,920.0,元/克,平
2025-03-24,913.0,元/克,涨
2025-03-25,914.0,元/克,跌
2025-03-26,916.0,元/克,跌
2025-03-27,918.0,元/克,跌
2025-03-28,929.0,元/克,跌
2025-03-29,935.0,元/克,跌
2025-03-31,934.0,元/克,涨
2025-04-01,951.0,元/克,跌
2025-04-02,953.0,元/克,跌
2025-04-03,961.0,元/克,跌
2025-04-04,946.0,元/克,涨
2025-04-06,931.0,元/克,涨
2025-04-07,918.0,元/克,涨
2025-04-08,927.0,元/克,跌
2025-04-09,930.0,元/克,跌
2025-04-10,957.0,元/克,跌
2025-04-11,983.0,元/克,跌
2025-04-12,988.0,元/克,跌
2025-04-14,986.0,元/克,涨
2025-04-15,986.0,元/克,平
2025-04-16,1003.0,元/克,跌
2025-04-17,1025.0,元/克,跌
2025-04-18,1023.0,元/克,涨
2025-04-19,1022.0,元/克,涨
2025-04-21,1038.0,元/克,跌
2025-04-22,1058.0,元/克,跌
2025-04-23,1052.0,元/克,涨
2025-04-24,1031.0,元/克,涨
2025-04-25,1036.0,元/克,跌
2025-04-27,1019.0,元/克,涨
2025-04-28,1022.0,元/克,跌
2025-04-29,1022.0,元/克,平
2025-04-30,1016.0,元/克,涨
2025-05-01,1016.0,元/克,平
2025-05-02,992.0,元/克,涨
2025-05-03,987.0,元/克,涨
2025-05-04,987.0,元/克,平
2025-05-05,991.0,元/克,跌
2025-05-06,1022.0,元/克,跌
2025-05-07,1031.0,元/克,跌
2025-05-08,1036.0,元/克,跌
2025-05-09,1019.0,元/克,涨
2025-05-10,1019.0,元/克,平
2025-05-12,1000.0,元/克,涨
2025-05-13,987.0,元/克,涨
2025-05-14,987.0,元/克,平
2025-05-15,972.0,元/克,涨
2025-05-16,978.0,元/克,跌
2025-05-17,972.0,元/克,涨
2025-05-19,982.0,元/克,跌
2025-05-20,977.0,元/克,涨
2025-05-21,1004.0,元/克,跌
2025-05-22,1005.0,元/克,跌
2025-05-23,1002.0,元/克,涨
2025-05-24,1014.0,元/克,跌
2025-05-26,1008.0,元/克,涨
2025-05-27,1007.0,元/克,涨
2025-05-28,997.0,元/克,涨
2025-05-29,987.0,元/克,涨
2025-05-30,999.0,元/克,跌
2025-05-31,995.0,元/克,涨
2025-06-02,998.0,元/克,跌
2025-06-03,1019.0,元/克,跌
2025-06-04,1008.0,元/克,涨
2025-06-05,1016.0,元/克,跌
2025-06-06,1008.0,元/克,涨
2025-06-07,999.0,元/克,涨
2025-06-09,996.0,元/克,涨
2025-06-10,999.0,元/克,跌
2025-06-11,1003.0,元/克,跌
2025-06-12,1013.0,元/克,跌
2025-06-13,1026.0,元/克,跌
2025-06-14,1030.0,元/克,跌
2025-06-16,1031.0,元/克,跌
2025-06-17,1018.0,元/克,涨
2025-06-18,1016.0,元/克,涨
2025-06-19,1016.0,元/克,平
2025-06-20,1012.0,元/克,涨
2025-06-21,1012.0,元/克,平
2025-06-23,1012.0,元/克,平
2025-06-24,1007.0,元/克,涨
2025-06-25,999.0,元/克,涨
2025-06-26,1000.0,元/克,跌
2025-06-27,996.0,元/克,涨
2025-06-28,987.0,元/克,涨
2025-06-30,984.0,元/克,涨
2025-07-01,995.0,元/克,跌
2025-07-02,1002.0,元/克,跌
2025-07-03,1002.0,元/克,平
2025-07-04,999.0,元/克,涨
2025-07-05,1000.0,元/克,跌
2025-07-07,999.0,元/克,涨
2025-07-08,1000.0,元/克,跌
2025-07-09,995.0,元/克,涨
2025-07-10,996.0,元/克,跌
2025-07-11,999.0,元/克,跌
2025-07-12,1003.0,元/克,跌
2025-07-14,1005.0,元/克,跌
2025-07-15,1003.0,元/克,涨
2025-07-16,999.0,元/克,涨
2025-07-17,1002.0,元/克,跌
2025-07-18,1002.0,元/克,平
2025-07-19,1004.0,元/克,跌
2025-07-21,1004.0,元/克,平
2025-07-22,1014.0,元/克,跌
2025-07-23,1023.0,元/克,跌
2025-07-24,1012.0,元/克,涨
2025-07-25,1004.0,元/克,涨
2025-07-26,999.0,元/克,涨
2025-07-28,997.0,元/克,涨
2025-07-29,995.0,元/克,涨
2025-07-30,999.0,元/克,跌
2025-07-31,992.0,元/克,涨
2025-08-01,994.0,元/克,跌
2025-08-02,1010.0,元/克,跌
2025-08-04,1007.0,元/克,涨
2025-08-05,1013.0,元/克,跌
2025-08-06,1013.0,元/克,平
2025-08-07,1012.0,元/克,涨
2025-08-08,1016.0,元/克,涨
2025-08-09,1017.0,元/克,跌
2025-08-11,1013.0,元/克,涨
2025-08-12,1004.0,元/克,涨
2025-08-13,1002.0,元/克,涨
2025-08-14,1007.0,元/克,跌
2025-08-15,1000.0,元/克,涨
2025-08-16,1000.0,元/克,平
2025-08-18,1002.0,元/克,跌
2025-08-19,1002.0,元/克,平
2025-08-20,997.0,元/克,涨
2025-08-21,1002.0,元/克,跌
2025-08-22,1002.0,元/克,平
2025-08-23,1008.0,元/克,跌
2025-08-25,1007.0,元/克,涨
2025-08-26,1010.0,元/克,跌
2025-08-27,1010.0,元/克,平
2025-08-28,1012.0,元/克,跌
2025-08-29,1013.0,元/克,跌
2025-08-30,1015.0,元/克,跌
2025-09-01,1023.0,元/克,跌
2025-09-02,1034.0,元/克,跌
2025-09-03,1052.0,元/克,跌
2025-09-04,1057.0,元/克,跌
2025-09-05,1053.0,元/克,涨
2025-09-06,1062.0,元/克,跌
2025-09-08,1062.0,元/克,平
2025-09-09,1073.0,元/克,跌
2025-09-10,1071.0,元/克,涨
2025-09-11,1078.0,元/克,跌
2025-09-12,1074.0,元/克,涨
2025-09-13,1078.0,元/克,跌
2025-09-15,1074.0,元/克,涨
2025-09-16,1087.0,元/克,跌
2025-09-17,1086.0,元/克,涨
2025-09-18,1075.0,元/克,涨
2025-09-19,1067.0,元/克,涨
2025-09-20,1079.0,元/克,跌
2025-09-22,1084.0,元/克,跌
2025-09-23,1097.0,元/克,跌
2025-09-24,1105.0,元/克,跌
2025-09-25,1105.0,元/克,平
2025-09-26,1106.0,元/克,跌
2025-09-28,1110.0,元/克,跌
2025-09-29,1108.0,元/克,涨
2025-09-30,1126.0,元/克,跌
2025-10-01,1125.0,元/克,涨
2025-10-02,1125.0,元/克,平
2025-10-03,1125.0,元/克,平
2025-10-04,1129.0,元/克,跌
2025-10-05,1129.0,元/克,平
2025-10-06,1138.0,元/克,跌
2025-10-07,1151.0,元/克,跌
2025-10-08,1160.0,元/克,跌
2025-10-09,1160.0,元/克,平
2025-10-10,1165.0,元/克,跌
2025-10-11,1183.0,元/克,跌
2025-10-13,1189.0,元/克,跌
2025-10-14,1218.0,元/克,跌
2025-10-15,1235.0,元/克,跌
2025-10-16,1248.0,元/克,跌
2025-10-17,1279.0,元/克,跌
2025-10-18,1262.0,元/克,涨
2025-10-20,1258.0,元/克,涨
2025-10-21,1294.0,元/克,跌
2025-10-22,1211.0,元/克,涨
2025-10-23,1222.0,元/克,跌
2025-10-24,1227.0,元/克,跌
2025-10-25,1228.0,元/克,跌
2025-10-27,1220.0,元/克,涨
2025-10-28,1198.0,元/克,涨
2025-10-29,1186.0,元/克,涨
2025-10-30,1179.0,元/克,涨
2025-10-31,1193.0,元/克,跌
2025-11-01,1193.0,元/克,平
2025-11-03,1256.0,元/克,跌
2025-11-04,1262.0,元/克,跌
2025-11-05,1249.0,元/克,涨
2025-11-06,1256.0,元/克,跌
2025-11-07,1263.0,元/克,跌
2025-11-08,1268.0,元/克,跌
2025-11-10,1273.0,元/克,跌
2025-11-11,1310.0,元/克,跌
2025-11-12,1310.0,元/克,平
2025-11-13,1325.0,元/克,跌
2025-11-14,1315.0,元/克,涨
2025-11-15,1295.0,元/克,涨
2025-11-17,1289.0,元/克,涨
2025-11-18,1285.0,元/克,涨
2025-11-19,1291.0,元/克,跌
2025-11-20,1302.0,元/克,跌
2025-11-21,1298.0,元/克,涨
2025-11-22,1305.0,元/克,跌
2025-11-24,1295.0,元/克,涨
2025-11-25,1315.0,元/克,跌
2025-11-26,1315.0,元/克,平
2025-11-27,1316.0,元/克,跌
2025-11-28,1321.0,元/克,跌
2025-11-29,1325.0,元/克,跌
2025-12-01,1327.0,元/克,跌
2025-12-02,1327.0,元/克,平
2025-12-03,1327.0,元/克,平
2025-12-04,1325.0,元/克,涨
2025-12-05,1325.0,元/克,平
2025-12-06,1328.0,元/克,跌
2025-12-08,1325.0,元/克,涨
2025-12-09,1325.0,元/克,平
2025-12-10,1325.0,元/克,平
2025-12-11,1336.0,元/克,跌
2025-12-12,1339.0,元/克,跌
2025-12-13,1345.0,元/克,跌
2025-12-15,1352.0,元/克,跌
2025-12-16,1352.0,元/克,平
2025-12-17,1353.0,元/克,跌
2025-12-18,1359.0,元/克,跌
2025-12-19,1356.0,元/克,涨
2025-12-20,1361.0,元/克,跌
2025-12-22,1367.0,元/克,跌
2025-12-23,1402.0,元/克,跌
2025-12-24,1413.0,元/克,跌
2025-12-25,1397.0,元/克,涨
2025-12-26,1413.0,元/克,跌
2025-12-27,1408.0,元/克,涨
2025-12-29,1403.0,元/克,涨
2025-12-30,1359.0,元/克,涨
2025-12-31,1365.0,元/克,跌
2026-01-01,1354.0,元/克,涨
2026-01-02,1357.0,元/克,跌
2026-01-03,1356.0,元/克,涨
2026-01-04,1356.0,元/克,平
2026-01-05,1377.0,元/克,跌
2026-01-06,1389.0,元/克,跌
2026-01-07,1402.0,元/克,跌
2026-01-08,1396.0,元/克,涨
2026-01-09,1395.0,元/克,涨
2026-01-10,1407.0,元/克,跌
2026-01-12,1429.0,元/克,跌
2026-01-13,1427.0,元/克,涨
2026-01-14,1435.0,元/克,跌
2026-01-15,1439.0,元/克,跌
2026-01-16,1434.0,元/克,涨
2026-01-17,1435.0,元/克,跌
2026-01-19,1459.0,元/克,跌
2026-01-20,1455.0,元/克,涨
2026-01-21,1493.0,元/克,跌
2026-01-22,1496.0,元/克,跌
2026-01-23,1548.0,元/克,跌
2026-01-26,1575.0,元/克,跌
2026-01-27,1575.0,元/克,平
2026-01-28,1618.0,元/克,跌
2026-01-29,1706.0,元/克,跌
2026-01-30,1668.0,元/克,涨
2026-01-31,1546.0,元/克,涨
2026-02-02,1489.0,元/克,涨
2026-02-03,1498.0,元/克,跌
2026-02-04,1571.0,元/克,跌
2026-02-05,1555.0,元/克,涨
2026-02-06,1485.0,元/克,涨
2026-02-09,1556.0,元/克,跌
2026-02-25,1566.0,元/克,跌
2026-02-26,1566.0,元/克,平
2026-02-27,1566.0,元/克,平
2026-03-02,1620.0,元/克,跌
2026-03-03,1642.0,元/克,跌
2026-03-04,1603.0,元/克,涨
2026-03-05,1590.0,元/克,涨
2026-03-06,1580.0,元/克,涨
2026-03-09,1571.0,元/克,涨
2026-03-10,1580.0,元/克,跌
2026-03-11,1593.0,元/克,跌
2026-03-12,1580.0,元/克,涨
2026-03-13,1570.0,元/克,涨
2026-03-16,1560.0,元/克,涨
2026-03-17,1552.0,元/克,涨
2026-03-18,1550.0,元/克,涨
2026-03-19,1498.0,元/克,涨
2026-03-20,1445.0,元/克,涨
2026-03-23,1374.0,元/克,涨
2026-03-24,1345.0,元/克,涨
2026-03-25,1411.0,元/克,跌
2026-03-26,1410.0,元/克,涨
2026-03-27,1365.0,元/克,涨
2026-03-30,1395.0,元/克,涨
2026-03-31,1395.0,元/克,平
2026-04-01,1445.0,元/克,跌
2026-04-02,1445.0,元/克,平
2026-04-03,1446.0,元/克,跌
2026-04-04,1435.0,元/克,涨
2026-04-06,1436.0,元/克,跌
2026-04-07,1436.0,元/克,平
2026-04-08,1470.0,元/克,跌
2026-04-09,1449.0,元/克,涨
2026-04-10,1450.0,元/克,跌
2026-04-13,1446.0,元/克,涨
2026-04-14,1450.0,元/克,跌
2026-04-15,1477.0,元/克,跌
2026-04-16,1477.0,元/克,平
2026-04-17,1468.0,元/克,涨
2026-04-20,1461.0,元/克,涨
2026-04-21,1465.0,元/克,跌
2026-04-22,1457.0,元/克,涨
2026-04-23,1456.0,元/克,涨
2026-04-24,1443.0,元/克,涨
2026-04-27,1443.0,元/克,平
2026-04-28,1439.0,元/克,涨
2026-04-29,1415.0,元/克,涨
2026-04-30,1406.0,元/克,涨
2026-05-06,1418.0,元/克,跌
2026-05-07,1435.0,元/克,跌
2026-05-08,1437.0,元/克,跌
2026-05-11,1429.0,元/克,涨
2026-05-12,1441.0,元/克,跌
2026-05-13,1436.0,元/克,涨
2026-05-14,1428.0,元/克,涨
2026-05-15,1411.0,元/克,涨
2026-05-18,1379.0,元/克,涨
2026-05-19,1397.0,元/克,跌
2026-05-20,1373.0,元/克,涨
2026-05-21,1380.0,元/克,跌
2026-05-22,1380.0,元/克,平
2026-05-25,1395.0,元/克,跌
2026-05-26,1386.0,元/克,涨
2026-05-27,1377.0,元/克,涨
2026-05-28,1355.0,元/克,涨
2026-05-29,1368.0,元/克,跌
2026-06-01,1377.0,元/克,跌
2026-06-02,1360.0,元/克,涨
2026-06-03,1361.0,元/克,跌
2026-06-04,1355.0,元/克,涨
2026-06-05,1356.0,元/克,跌
2026-06-08,1325.0,元/克,跌
2026-06-09,1317.0,元/克,涨
2026-06-10,1276.0,元/克,涨
2026-06-11,1238.0,元/克,涨
2026-06-12,1266.0,元/克,跌
2026-06-15,1290.0,元/克,跌
2026-06-16,1310.0,元/克,跌
2026-06-17,1313.0,元/克,跌
2026-06-18,1310.0,元/克,涨
2026-06-19,1265.0,元/克,涨
2026-06-20,1258.0,元/克,涨
2026-06-22,1279.0,元/克,跌
2026-06-23,1272.0,元/克,涨
2026-06-24,1238.0,元/克,涨
2026-06-25,1219.0,元/克,涨
2026-06-26,1226.0,元/克,跌
2026-06-27,1235.0,元/克,跌
2026-06-29,1237.0,元/克,跌
2026-06-30,1206.0,元/克,涨
2026-07-01,1208.0,元/克,跌
2026-07-02,1235.0,元/克,跌
2026-07-03,1261.0,元/克,跌
2026-07-04,1260.0,元/克,涨
2026-07-06,1269.0,元/克,跌
2026-07-07,1263.0,元/克,涨
2026-07-08,1246.0,元/克,涨
2026-07-09,1242.0,元/克,涨
2026-07-10,1256.0,元/克,跌
2026-07-11,1251.0,元/克,涨
2026-07-13,1237.0,元/克,涨
2026-07-14,1217.0,元/克,涨
2026-07-15,1233.0,元/克,跌
2026-07-16,1229.0,元/克,涨
